HydroDispatch1,HydroDispatch3
0.1,0.1
0.1,0.1
0.1,0.1
0.1,0.1
0.1,0.1
0.1,0.1
0.1,0.1
0.1,0.1
0.1,0.1
0.1,0.1
0.1,0.1
0.1,0.1
0.1,0.1
0.1,0.1
0.1,0.1
0.1,0.1
0.1,0.1
0.1,0.1
0.1,0.1
0.1,0.1
0.1,0.1
0.1,0.1
0.1,0.1
0.1,0.1
0.1,0.1
0.1,0.1
0.1,0.1
0.1,0.1
0.1,0.1
0.1,0.1
0.1,0.1
0.1,0.1
0.1,0.1
0.1,0.1
0.1,0.1
0.1,0.1
0.1,0.1
0.1,0.1
0.1,0.1
0.1,0.1
0.1,0.1
0.1,0.1
0.1,0.1
0.1,0.1
0.1,0.1
0.1,0.1
0.1,0.1
0.1,0.1
0.1,0.1
0.1,0.1
0.1,0.1
0.1,0.1
0.1,0.1
0.1,0.1
0.1,0.1
0.1,0.1
0.1,0.1
0.1,0.1
0.1,0.1
0.1,0.1
0.1,0.1
0.1,0.1
0.1,0.1
0.1,0.1
0.1,0.1
0.1,0.1
0.1,0.1
0.1,0.1
0.1,0.1
0.1,0.1
0.1,0.1
0.1,0.1
0.1,0.1
0.1,0.1
0.1,0.1
0.1,0.1
0.1,0.1
0.1,0.1
0.1,0.1
0.1,0.1
0.1,0.1
0.1,0.1
0.1,0.1
0.1,0.1
0.1,0.1
0.1,0.1
0.1,0.1
0.1,0.1
0.1,0.1
0.1,0.1
0.1,0.1
0.1,0.1
0.1,0.1
0.1,0.1
0.1,0.1
0.1,0.1
0.1,0.1
0.1,0.1
0.1,0.1
0.1,0.1
0.1,0.1
0.1,0.1
0.1,0.1
0.1,0.1
0.1,0.1
0.1,0.1
0.1,0.1
0.1,0.1
0.1,0.1
0.1,0.1
0.1,0.1
0.1,0.1
0.1,0.1
0.1,0.1
0.1,0.1
0.1,0.1
0.1,0.1
0.1,0.1
0.1,0.1
0.1,0.1
0.1,0.1
0.1,0.1
0.1,0.1
0.1,0.1
0.1,0.1
0.1,0.1
0.1,0.1
0.1,0.1
0.1,0.1
0.1,0.1
0.1,0.1
0.1,0.1
0.1,0.1
0.1,0.1
0.1,0.1
0.1,0.1
0.1,0.1
0.1,0.1
0.1,0.1
0.1,0.1
0.1,0.1
0.1,0.1
0.1,0.1
0.1,0.1
0.1,0.1
0.1,0.1
0.1,0.1
0.1,0.1
0.1,0.1
0.1,0.1
0.1,0.1
0.1,0.1
0.1,0.1
0.1,0.1
0.1,0.1
0.1,0.1
0.1,0.1
0.1,0.1
0.1,0.1
0.1,0.1
0.1,0.1
0.1,0.1
0.1,0.1
0.1,0.1
0.1,0.1
0.1,0.1
0.1,0.1
0.1,0.1
0.1,0.1
0.1,0.1
0.1,0.1
0.1,0.1
0.1,0.1
0.1,0.1
0.1,0.1
0.1,0.1
0.1,0.1
0.1,0.1
0.1,0.1
0.1,0.1
0.1,0.1
0.1,0.1
0.1,0.1
0.1,0.1
0.1,0.1
0.1,0.1
0.1,0.1
0.1,0.1
0.1,0.1
0.1,0.1
0.1,0.1
0.1,0.1
0.1,0.1
0.1,0.1
0.1,0.1
0.1,0.1
0.1,0.1
0.1,0.1
0.1,0.1
0.1,0.1
0.1,0.1
0.1,0.1
0.1,0.1
0.1,0.1
0.1,0.1
0.1,0.1
0.1,0.1
0.1,0.1
0.1,0.1
0.1,0.1
0.1,0.1
0.1,0.1
0.1,0.1
0.1,0.1
0.1,0.1
0.1,0.1
0.1,0.1
0.1,0.1
0.1,0.1
0.1,0.1
0.1,0.1
0.1,0.1
0.1,0.1
0.1,0.1
0.1,0.1
0.1,0.1
0.1,0.1
0.1,0.1
0.1,0.1
0.1,0.1
0.1,0.1
0.1,0.1
0.1,0.1
0.1,0.1
0.1,0.1
0.1,0.1
0.1,0.1
0.1,0.1
0.1,0.1
0.1,0.1
0.1,0.1
0.1,0.1
0.1,0.1
0.1,0.1
0.1,0.1
0.1,0.1
0.1,0.1
0.1,0.1
0.1,0.1
0.1,0.1
0.1,0.1
0.1,0.1
0.1,0.1
0.1,0.1
0.1,0.1
0.1,0.1
0.1,0.1
0.1,0.1
0.1,0.1
0.1,0.1
0.1,0.1
0.1,0.1
0.1,0.1
0.1,0.1
0.1,0.1
0.1,0.1
0.1,0.1
0.1,0.1
0.1,0.1
0.1,0.1
0.1,0.1
0.1,0.1
0.1,0.1
0.1,0.1
0.1,0.1
0.1,0.1
0.1,0.1
0.1,0.1
0.1,0.1
0.1,0.1
0.1,0.1
0.1,0.1
0.1,0.1
0.1,0.1
0.1,0.1
0.1,0.1
0.1,0.1
0.1,0.1
